{"initial_reset_timestamp": 1556041898.4808326, "timestamps": [1556041904.3391998, 1556041905.1749299, 1556041905.3489141, 1556041905.465407, 1556041905.5336332, 1556041905.5768006, 1556041905.663341, 1556041905.8053758, 1556041906.9256957, 1556041907.1691704, 1556041907.2957, 1556041907.4381154, 1556041907.576732, 1556041907.723185, 1556041907.964999, 1556041908.028107, 1556041908.0783186, 1556041908.172916, 1556041908.2367089, 1556041908.3074474, 1556041908.545351, 1556041908.7513316, 1556041908.8051038, 1556041908.8670235, 1556041909.1126738, 1556041909.1950784, 1556041909.2962852, 1556041910.1232092, 1556041910.4233158, 1556041910.5932982, 1556041910.7054036, 1556041910.829298, 1556041910.9001515, 1556041911.0079777, 1556041911.06283, 1556041911.125772, 1556041911.1907632, 1556041911.2572758, 1556041911.3250914, 1556041911.4233134, 1556041911.5153887, 1556041911.6509378, 1556041911.7112324, 1556041911.8051574, 1556041912.00156, 1556041912.082203, 1556041912.1328428, 1556041912.2822452, 1556041912.3678038, 1556041912.5035903, 1556041912.620292, 1556041912.7113733, 1556041912.7721584, 1556041912.876807, 1556041912.941021, 1556041913.023749, 1556041913.1373608, 1556041913.252649, 1556041913.3130069, 1556041913.3634105, 1556041913.5928564, 1556041913.6893198, 1556041913.8007653, 1556041913.8769011, 1556041915.1003747, 1556041915.3793683, 1556041915.425566, 1556041915.4905152, 1556041915.6118205, 1556041915.6630616, 1556041915.7608323, 1556041915.8453465, 1556041915.961215, 1556041916.067164, 1556041916.2062526, 1556041916.3076563, 1556041916.3516955, 1556041916.439376, 1556041916.6335049, 1556041916.711439, 1556041916.8039443, 1556041916.9231057, 1556041917.004212, 1556041917.1304302, 1556041917.2326677, 1556041917.3840773, 1556041917.4685252, 1556041917.5511312, 1556041917.682071, 1556041917.7499323, 1556041917.9336956, 1556041918.0002866, 1556041918.049943, 1556041918.2153652, 1556041918.3150506, 1556041918.406343, 1556041918.4419787, 1556041918.543478, 1556041918.8926682, 1556041918.9569535], "episode_lengths": [17, 12, 11, 29, 15, 12, 20, 35, 20, 19, 27, 29, 36, 26, 57, 14, 10, 26, 15, 11, 56, 48, 10, 15, 58, 17, 26, 15, 20, 41, 26, 23, 16, 24, 12, 15, 17, 16, 13, 24, 20, 31, 16, 23, 43, 18, 13, 33, 22, 31, 28, 23, 14, 20, 16, 21, 26, 28, 15, 11, 56, 23, 24, 19, 22, 19, 11, 16, 21, 13, 25, 20, 27, 25, 35, 16, 11, 16, 45, 19, 14, 22, 19, 31, 22, 33, 17, 20, 32, 12, 36, 14, 12, 40, 22, 22, 10, 22, 84, 14], "episode_rewards": [17.0, 12.0, 11.0, 29.0, 15.0, 12.0, 20.0, 35.0, 20.0, 19.0, 27.0, 29.0, 36.0, 26.0, 57.0, 14.0, 10.0, 26.0, 15.0, 11.0, 56.0, 48.0, 10.0, 15.0, 58.0, 17.0, 26.0, 15.0, 20.0, 41.0, 26.0, 23.0, 16.0, 24.0, 12.0, 15.0, 17.0, 16.0, 13.0, 24.0, 20.0, 31.0, 16.0, 23.0, 43.0, 18.0, 13.0, 33.0, 22.0, 31.0, 28.0, 23.0, 14.0, 20.0, 16.0, 21.0, 26.0, 28.0, 15.0, 11.0, 56.0, 23.0, 24.0, 19.0, 22.0, 19.0, 11.0, 16.0, 21.0, 13.0, 25.0, 20.0, 27.0, 25.0, 35.0, 16.0, 11.0, 16.0, 45.0, 19.0, 14.0, 22.0, 19.0, 31.0, 22.0, 33.0, 17.0, 20.0, 32.0, 12.0, 36.0, 14.0, 12.0, 40.0, 22.0, 22.0, 10.0, 22.0, 84.0, 14.0], "episode_types": ["t", "t", "t", "t", "t", "t", "t", "t", "t", "t", "t", "t", "t", "t", "t", "t", "t", "t", "t", "t", "t", "t", "t", "t", "t", "t", "t", "t", "t", "t", "t", "t", "t", "t", "t", "t", "t", "t", "t", "t", "t", "t", "t", "t", "t", "t", "t", "t", "t", "t", "t", "t", "t", "t", "t", "t", "t", "t", "t", "t", "t", "t", "t", "t", "t", "t", "t", "t", "t", "t", "t", "t", "t", "t", "t", "t", "t", "t", "t", "t", "t", "t", "t", "t", "t", "t", "t", "t", "t", "t", "t", "t", "t", "t", "t", "t", "t", "t", "t", "t"]}